Order Number,Disbursement Date,Transaction Type,Borrower Full Name,Borrower Email,Full Address,Closer Full Name,Marketer Full Name,Loan Amount,Purchase Price,AMS #,CSR,Producer,Active Y/N
25-1680,9/2/25,Purchase,Ifrail Areviche-Alonso,Ifrailpms@gmail.com,"28238 Evelyn Drive, Lacombe, LA 70445",Ivette Mora,Southshore Market,"$271,163.00 ","$280,000.00 ",,,,
25-1788,9/2/25,Purchase,Mark Lambert,mlambert@grayinsco.com,"1213 Massachusetts Avenue, Kenner, LA 70062",Ivette Mora,Southshore Market,"$317,300.00 ","$334,000.00 ",,,,
25-1825,9/2/25,Refinance,Otis Brumfield Bernice Brumfield,,"195 West Ash Street, Ponchatoula, LA 70454",Kimberly M. Johnson,Tangipahoa Market,"$40,000.00 ",,,,,
25-1845,9/2/25,Refinance,Glenn Schmitt Jeaneen Schmitt,gibak@charter.net,"66 Poindexter Drive, Pass Christian, MS 39571",Tara Schenk,Tangipahoa Market,"$475,000.00 ",,,,,
25-1878,9/2/25,Purchase,Mitchell Young Alexandra Sabha,youngmitchellryan@comcast.net,"3420 Willow Street, New Orleans, LA 70115",Ivette Mora,Southshore Market,"$108,000.00 ","$120,000.00 ",,,,
25-1939,9/2/25,Cash Sale,"CT Homes Emerald Coast, LLC",,"6814 Tranquility Trail, Milton, FL 32571",Tara McCormick,Tangipahoa Market,,"$101,600.00 ",,,,
25-1940,9/2/25,Cash Sale,Jose Rojas Amaya,socceramaya1989@gmail.com,"2302 Oriole Street, Slidell, LA 70460",Ivette Mora,Southshore Market,,"$210,000.00 ",,,,
25-2006,9/2/25,Cash Sale,Matthew Miquet,Miquet321@gmail.com,"0 Ethel Drive, Sun, LA 70427",Ivette Mora,Southshore Market,,"$7,000.00 ",,,,
25-1512,9/3/25,Purchase,Braiden Laurent Raven Laurent,blaurent3001@gmail.com,"188 Loupe Street, Luling, LA 70070",Tara McCormick,Tangipahoa Market,"$316,137.00 ","$369,070.00 ",80870,Colette,Office,Y
25-1681,9/3/25,HELOC,Karl Munster,,"1035 Grey Lane, Covington, LA 70433",Tasha Severio,Tangipahoa Market,"$70,000.00 ",,,,,
25-1693,9/3/25,Refinance,Lewis Green Melody Green,lewgreen58@gmail.com,"Parcel 5 Wire Road East, Perkinston, MS 39573",Tara McCormick,Tangipahoa Market,"$376,200.00 ",,,,,
25-1724,9/3/25,Cash Sale,Pinnacle Development Group LLC,,"30.68 Acres, River Road, Hammond, LA 70401",Tara Schenk,Tangipahoa Market,,"$429,352.00 ",,,,
25-1726,9/3/25,Purchase,Jeremiah Reno,jeremiahsreno@gmail.com,"47205 North Morrison Boulevard, Hammond, LA 70401",Tara Schenk,Tangipahoa Market,"$165,938.00 ","$169,000.00 ",,,,
25-1747,9/3/25,HELOC,Michael Wells Shannon Wells,wyattwells2009@yahoo.com,"22111 South Ridge Drive, Ponchatoula, LA 70454",Tasha Severio,Tangipahoa Market,"$15,000.00 ",,,,,
25-1835,9/3/25,Purchase,Christopher Gerencser,cgerencser@msn.com,"505-507 Seguin Street, New Orleans, LA 70114",Ivette Mora,Southshore Market,"$269,100.00 ","$299,000.00 ",,,,
25-1912,9/3/25,Cash Sale,Jeffrey Gravley Bonnie Gravley,gravleyjeffrey4@gmail.com,"39468 Brighton Point Drive, Ponchatoula, LA 70454",Tara McCormick,Tangipahoa Market,,"$265,000.00 ",,,,
25-1609,9/4/25,Cash Sale,"S8 Affordable Homes, LLC",,"842 Evangeline Place, Shreveport, LA 71106",Ivette Mora,Southshore Market,,"$59,250.00 ",,,,
25-1767,9/4/25,Purchase,Abdulrahman Ali Hadygah Ali Azaiza Mohsin Naifa Hasan,"umnedia@yahoo.com,azaiza.mohsin@gmail.com","4509 Morales Street, Metairie, LA 70006",Kimberly M. Johnson,Southshore Market,"$380,000.00 ","$475,000.00 ",,,,
25-1897,9/4/25,Refinance,Tammy Chaisson Scott Chaisson,tchaiss@entergy.com,"47061 Hidden Lane, Hammond, LA 70401",Tara Schenk,St. Tammany Market,"$492,000.00 ",,,,,
25-1906,9/4/25,HELOC,Clinton Verbeek Erin Verbeek,clinton.verbeek@gmail.com,"4 Mayhaw Road, Covington, LA 70435",Tasha Severio,Tangipahoa Market,"$125,000.00 ",,35921,Katie,Justin M,Y
25-1919,9/4/25,Refinance,Wayne Peltier Carla Peltier,wpeltier3@gmail.com,"10.07 Acres, Tract 2 South Thibodeaux Road, Ponchatoula, LA 70454",Tara Schenk,Tangipahoa Market,"$89,000.00 ",,,,,
25-1938,9/4/25,HELOC,Arthur Dupre Lyndi Dupre,arthur.dupre@gmail.com,"4512 Richland Avenue, Metairie, LA 70002",Tasha Severio,Tangipahoa Market,"$141,800.00 ",,,,,
25-2001,9/4/25,Cash Sale,Adam Housley Ashley Housley,,"40 Acres on Hwy 442, Tickfaw, LA 70443",Tara Schenk,Tangipahoa Market,,"$270,000.00 ",,,,
25-204,9/5/25,Refinance,Jacob Watts,jakefwatts@gmail.com,"32025 Oneal Place, Springfield, LA 70462",Tara Schenk,Baton Rouge Market,"$352,000.00 ",,,,,
25-291,9/5/25,Refinance,Holly Courtney Larry Giddens,holly.courtney81@gmail.com,"31852 Courtney Circle, Walker, LA 70785",Tara McCormick,Tangipahoa Market,"$347,575.00 ",,,,,
25-1404,9/5/25,Refinance,Derek Clement Danielle Clement,derek.clement2@gmail.com,"454 Slade Woodward Road, Poplarville, MS 39470",Tara McCormick,Tangipahoa Market,"$242,417.00 ",,,,,
25-1627,9/5/25,Purchase,Eugenie Benton Gregory Benton,eugenieanna@yahoo.com,"461 North Verona Drive, Covington, LA 70433",Ivette Mora,Tangipahoa Market,"$300,000.00 ","$375,000.00 ",,,,
25-1654,9/5/25,Refinance,Susan Rodriguez Jeannette Rodriguez Herring,"craftie6553@yahoo.com,jrod.1026@gmail.com","4532-34 Park Drive South, Metairie, LA 70001",Tara McCormick,Southshore Market,"$115,000.00 ",,,,,
25-1694,9/5/25,Cash Sale,Carolyn Ameen,CTreuting@gmail.com,"3416 Clifford Drive, Metairie, LA 70002",Kimberly M. Johnson,Southshore Market,,"$382,500.00 ",,,,
25-1719,9/5/25,Purchase,Guisselle Wagner,gzwagner19@gmail.com,"4152 Cognac Drive, Kenner, LA 70065",Ivette Mora,Tangipahoa Market,"$118,000.00 ","$293,000.00 ",,,,
25-1824,9/5/25,Purchase,Matthew Ernst Kaci Ernst,mcernst1@gmail.com,"422 State Street, New Orleans, LA 70118",Kimberly M. Johnson,Southshore Market,"$522,738.00 ","$550,250.00 ",,,,
25-1839,9/5/25,Purchase,Dwight Stogner Janis Stogner Claydamarie Stogner,"Dstogner@hotmail.com,cheyenne.stogner@yahoo.com","54085 Allman Street, Loranger, LA 70446",Tara Schenk,Tangipahoa Market,"$150,000.00 ","$178,000.00 ",,,,
25-1856,9/5/25,Purchase,Kevin Maynard Lisa Maynard,kmaynard@me.com,"43270 Carriage Lane, Franklinton, LA 70438",Kimberly M. Johnson,Tangipahoa Market,"$318,019.00 ","$329,000.00 ",,,,
B25-1862,9/5/25,Refinance,"The Benton Corporation, LLC",,"18088 East Gate Drive, APT A, Hammond, LA 70403",Sarah Stone,Tangipahoa Market,"$151,500.00 ",,,,,
B25-1864,9/5/25,Refinance,"The Benton Corporation, LLC",,"18088 East Gate Drive, APT B, Hammond, LA 70403",Sarah Stone,Tangipahoa Market,"$151,500.00 ",,,,,
B25-1865,9/5/25,Refinance,"The Benton Corporation, LLC",,"18098 East Gate Drive, APT A, Hammond, LA 70403",Sarah Stone,Tangipahoa Market,"$136,500.00 ",,,,,
B25-1866,9/5/25,Refinance,"The Benton Corporation, LLC",,"18056 East Gate Drive, Apt. B, Hammond, LA 70403",Sarah Stone,Tangipahoa Market,"$151,500.00 ",,,,,
B25-1867,9/5/25,Refinance,"The Benton Corporation, LLC",,"18098 East Gate Drive, APT B, Hammond, LA 70403",Sarah Stone,Tangipahoa Market,"$136,500.00 ",,,,,
B25-1868,9/5/25,Refinance,"The Benton Corporation, LLC",,"18056 East Gate Drive, Apt. A, Hammond, LA 70403",Sarah Stone,Tangipahoa Market,"$151,500.00 ",,,,,
B25-1870,9/5/25,Refinance,"The Benton Corporation, LLC",,"18064 East Gate Drive, Apt. B, Hammond, LA 70403",Sarah Stone,Tangipahoa Market,"$151,500.00 ",,,,,
B25-1871,9/5/25,Refinance,"The Benton Corporation, LLC",,"18064 East Gate Drive, Apt. A, Hammond, LA 70403",Sarah Stone,Tangipahoa Market,"$151,500.00 ",,,,,
25-1951,9/5/25,Cash Sale,Devin Ritch Chanteria Washington,"devinrayritch@gmail.com,teriaa2817@gmail.com","55144 Highway 1062, Loranger, LA 70446",Tara McCormick,Tangipahoa Market,,"$317,000.00 ",,,,
25-1966,9/5/25,Refinance,Brett Bosenberg McKenzie Senter Bosenberg,Brett.bosenberg@gmail.com,"13951 Clubhouse Way, Saint Francisville, LA 70775",Tara McCormick,Tangipahoa Market,"$387,400.00 ",,,,,
25-1598,9/8/25,Cash Sale,Julio Macz Ibarra Gladis Caal Cajbon,jgmacz77@gmail.com,"3124 Montreal Drive, Baton Rouge, LA 70819",Kimberly M. Johnson,St. Tammany Market,,"$50,000.00 ",,,,
25-1800,9/8/25,Refinance,Tiffany Hawkins,tiffany.g.hawkins@gmail.com,"3006 Canaan Place, Mandeville, LA 70448",Tara McCormick,St. Tammany Market,"$32,597.00 ",,78485,Madison,Phillip K,Y
25-1802,9/8/25,Purchase,Christian Dupre Alecia Dumestre,cdupr11@gmail.com,"104 Beethoven Drive, Youngsville, LA 70592",Tara McCormick,St. Tammany Market,"$324,000.00 ","$405,000.00 ",,,,
25-1894,9/8/25,Purchase,Kien Pham Joanna Sifuentes Salvador Hattier,"ktpham5621@gmail.com,salhappier@icloud.com","229 8th Street, Bridge City, LA 70094",Ivette Mora,Southshore Market,"$199,500.00 ","$210,000.00 ",,,,
25-1921,9/8/25,Purchase,Megan Crawford Jarred Crawford,megaucoin@gmail.com,"609 Silverthorne Lane, Covington, LA 70433",Kimberly M. Johnson,Tangipahoa Market,"$400,000.00 ","$585,000.00 ",,,,
25-1947,9/8/25,Purchase,Jonathan Schmitt,searchneworleans@gmail.com,"1316 Lowerline Street, New Orleans, LA 70118",Tara McCormick,Southshore Market,"$313,500.00 ","$330,000.00 ",84396,Emily M,James B,Y
25-1995,9/8/25,Purchase,Josiah St Pierre,jecrmllc@gmail.com,"42257 Southern Pines Boulevard, Ponchatoula, LA 70454",Tara Schenk,Tangipahoa Market,,"$155,000.00 ",,,,
25-2012,9/8/25,Purchase,Alonzo Faucheux Susan Faucheux,imalf4@outlook.com,"19433 Par Lane, Hammond, LA 70401",Tara McCormick,Tangipahoa Market,"$223,000.00 ","$303,000.00 ",,,,
25-2016,9/8/25,Cash Sale,Coburn Holdings LLC,,"North Coburn Road, Hammond, LA 70401",Kimberly M. Johnson,Tangipahoa Market,,"$351,000.00 ",,,,
25-2053,9/8/25,Cash Sale,Clark White Spring White,clark_white@msn.com,"114 Greenhouse Road, Youngsville, LA 70592",Tara McCormick,Southshore Market,,"$275,000.00 ",,,,
25-1374,9/9/25,Cash Sale,Marie Kyzar John Kyzar,,"LOT MEAS 105 X 135 FT IN N1/2 OF SE1/4 OF NE1/4 OF SEC 1 T6 SR 7E, Hammond, LA 70403",Kimberly M. Johnson,Tangipahoa Market,,"$5,000.00 ",,,,
25-1818,9/9/25,Cash Sale,Michael Chapman Kiyoshi Yamamoto,michchp9@aol.com,"19384 Country Club Lane, Hammond, LA 70401",Tara Schenk,St. Tammany Market; Tangipahoa Market,,"$555,000.00 ",,,,
25-1925,9/9/25,Refinance,Daniel Durham Ashley Durham,rhettdurham@me.com,"807 North General Patton Street, Hammond, LA 70401",Kimberly M. Johnson,Tangipahoa Market,"$220,000.00 ",,,,,
25-2095,9/9/25,Cash Sale,Francilene Sa,babyfran.sa@gmail.com,"1608 King Drive, New Orleans, LA 70122",Ivette Mora,Southshore Market,,"$115,000.00 ",,,,
25-1713,9/10/25,Cash Sale,Frederick Egharevba Francess Egharevba,dregharef@gmail.com,"7301 Farwood Drive, New Orleans, LA 70126",Kimberly M. Johnson,Southshore Market,,"$150,000.00 ",,,,
25-1804,9/10/25,Purchase,Breitner Hernandez Susana Lopez,breitner@live.com,"4536 Jasper Street, Metairie, LA 70006",Ivette Mora,Southshore Market,"$231,042.00 ","$235,305.00 ",,,,
25-1859,9/10/25,Purchase,Hashim Alrahahleh Insaf Saadat-Abughoush,hashim.i.alrahahleh@outlook.com,"5942 Orleans Avenue, New Orleans, LA 70124",Ivette Mora,Southshore Market,"$108,750.00 ","$145,000.00 ",,,,
25-1935,9/10/25,HELOC,Lawrence Williams Deborah Williams,kennermailman@gmail.com,"745 Elmeer Avenue, Metairie, LA 70005",Tasha Severio,Tangipahoa Market,"$128,000.00 ",,,,,
25-1976,9/10/25,Refinance,Regan Barousse Chris Barousse,"reganbarousse@aol.com,chrisbarousse@aol.com","896 Brewster Road, Madisonville, LA 70447",Tara McCormick,St. Tammany Market,"$240,812.00 ",,,,,
25-1982,9/10/25,Purchase,Charlotte Fornea Bailey Brooks,"cfornea_lpc@yahoo.com,baileybrooks.06@gmail.com","16297 Charleton Drive, Hammond, LA 70401",Kimberly M. Johnson,Tangipahoa Market,"$150,000.00 ","$185,000.00 ",,,,
25-1997,9/10/25,Refinance,Wesley Humphries Kelsey Humphries,wesleyahumphries@yahoo.com,"81494 Birtrue Road, Bush, LA 70431",Tara McCormick,St. Tammany Market,"$329,000.00 ",,,,,
25-2041,9/10/25,Cash Sale,LeRoy Michel Rachel Michel,leroy_michel@thenewtrongroup.com,"19072 Owl Bayou Canal, Akers, LA 70421",Tara McCormick,Tangipahoa Market,,"$50,000.00 ",,,,
25-1736,9/11/25,Refinance,James Quinn Clarissa Quinn,rudy.quinnsr@gmail.com,"531 SE I-55 Service Road, Ponchatoula, LA 70454",Tara McCormick,Tangipahoa Market,"$525,904.00 ",,,,,
25-1813,9/11/25,HELOC,Craig Hulford,,"4413 Perkins Street, Metairie, LA 70001",Tasha Severio,Tangipahoa Market,"$50,000.00 ",,,,,
25-1959,9/11/25,Purchase,Aaron Coyne Tifani Coyne,aaroncoyne78@yahoo.com,"28164 Van Drive, Ponchatoula, LA 70454",Kimberly M. Johnson,Tangipahoa Market,"$160,000.00 ","$155,000.00 ",,,,
25-1984R,9/11/25,Purchase,Suzanne Clement,,"289 Majors Road, Natchitoches, LA 71457",,William Townsend,"$95,500.00 ","$49,422.08 ",,,,
25-1643,9/12/25,Purchase,Silvia B Barrios,Silviabarrios80@hotmail.com,"82 Packenham Avenue, Chalmette, LA 70043",Ivette Mora,Southshore Market,"$126,750.00 ","$169,000.00 ",,,,
25-1823,9/12/25,Purchase,Lawanda Wilson,bosley2102@gmail.com,"609 North Potomac Drive, LaPlace, LA 70068",Ivette Mora,Southshore Market,"$171,830.00 ","$175,000.00 ",,,,
25-1826,9/12/25,Purchase,Joan Daigle,jjdaigle224@gmail.com,"1201 Kapalama Court, Diamondhead, MS 39525",Tasha Severio,Tangipahoa Market; St. Tammany Market,"$97,121.00 ","$197,000.00 ",,,,
25-1889,9/12/25,Purchase,Jonathan Dupre Jessica Dupre,jonathanmdupre@gmail.com,"115 Imperial Woods Drive, Harahan, LA 70123",Ivette Mora,Southshore Market,"$413,250.00 ","$435,000.00 ",,,,
25-1905,9/12/25,Purchase,Adam Duminske Asly Bonilla Diaz,aduminske@aol.com,"2027-2029 Cambronne Street, New Orleans, LA 70118",Ivette Mora,Baton Rouge Market,"$289,656.00 ","$299,730.00 ",,,,
25-1907,9/12/25,Cash Sale,Josue Alas Perez,josueperez1215@icloud.com,"9306 - 9308 Colapissa Street, New Orleans, LA 70118",Ivette Mora,Southshore Market,,"$115,000.00 ",,,,
25-1920,9/12/25,Cash Sale,Stephanie Frazer Michael Frazer,stephfraz1@bellsouth.net,"103 Covington Meadow Circle, G, Covington, LA 70433",Kimberly M. Johnson,Tangipahoa Market,,"$137,026.05 ",40780,Katie,Jeremy P,N
25-1927,9/12/25,Purchase,Upperline Construction and Design LLC,,"1459 Mithra Street, New Orleans, LA 70122",Ivette Mora,Southshore Market,"$77,250.00 ","$103,000.00 ",,,,
25-1930,9/12/25,Purchase,Destyni Lay,destynil35@gmail.com,"414 Courthouse Street, Port Allen, LA 70767",Kimberly M. Johnson,Baton Rouge Market,"$157,102.00 ","$160,000.00 ",,,,
25-1942,9/12/25,Cash Sale,2139 Iberville LLC,g,"2139 Iberville Street, New Orleans, LA 70112",Kimberly M. Johnson,Southshore Market,,"$160,000.00 ",,,,
25-1943,9/12/25,Purchase,Cecelia Sanchez,sallyasanchez@proton.me,"8 Marta Drive, Hammond, LA 70401",Tara Schenk,Tangipahoa Market,"$175,200.00 ","$219,000.00 ",,,,
25-1949,9/12/25,Cash Sale,Kim Minvielle Diedra Bourge Minvielle,minvielle.kim@gmail.com,"20689 Buns Lane, Springfield, LA 70462",Tara Schenk,Tangipahoa Market,,"$390,000.00 ",,,,
25-2000,9/12/25,Purchase,Simeon Ebarb,ebarbbilly25@hotmail.com,"17179 Airport Road, Amite City, LA 70422",Ivette Mora,Baton Rouge Market,"$234,000.00 ","$292,500.00 ",,,,
25-2009,9/12/25,Purchase,Adam Fumar,adamfumar@gmail.com,"1024 Trail Court, Mandeville, LA 70448",Kimberly M. Johnson,Southshore Market,"$329,161.00 ","$373,500.00 ",,,,
25-2014,9/12/25,Cash Sale,Francis Barovechio Patti Barovechio,frapat5257@att.net,"1325 Sigur Avenue, Metairie, LA 70005",Ivette Mora,Southshore Market,,"$340,000.00 ",,,,
25-2036,9/12/25,Cash Sale,Gladys Stevenson,srg21@aol.com,,Tara Schenk,Tangipahoa Market,,"$185,000.00 ",7808,Erica,Darla,Y
25-2066,9/12/25,Cash Sale,Kenneth Knight Roxanne Castillo,kennethgknight@gmail.com,"5613 West Esplanade Avenue, Metairie, LA 70003",Ivette Mora,Southshore Market,,"$362,000.00 ",,,,
25-2000-A,9/12/25,Subordinate Order,Simeon Ebarb,ebarbbilly25@hotmail.com,"17179 Airport Road, Amite City, LA 70422",Ivette Mora,Baton Rouge Market,"$43,875.00 ",,,,,
24-2694-A,9/12/25,Subordinate Order,Alyssa Hebert Tommy Hebert Linda Hebert,abears3@yahoo.com,"23059 Highway 22, Ponchatoula, LA 70454",,Non Revenue,"$318,300.00 ",,,,,
25-1672,9/15/25,Cash Sale,Matthews Investment Services LLC,,,Tara Schenk,Tangipahoa Market,,"$60,000.00 ",74550,Raven,Office,Y
25-1686,9/15/25,Purchase,Kelly Smith,kelly.monjure@gmail.com,"26 Begonia Drive, Covington, LA 70433",Tara Schenk,Tangipahoa Market,"$180,000.00 ","$310,000.00 ",,,,
25-1803,9/15/25,Refinance,Joseph Douglas Haley Douglas,douglasjs777@icloud.com,"7688 Ashland Court, Clinton, LA 70722",Tara McCormick,Tangipahoa Market,"$405,600.00 ",,,,,
25-1883,9/15/25,HELOC,Jessica Drews Kevin Drews,januarydrews@gmail.com,"6355 Fleur De Lis Drive, New Orleans, LA 70124",Tasha Severio,Southshore Market,"$28,200.00 ",,,,,
25-1887,9/15/25,Purchase,Nitin Sabharwal Amanda Dupont,ntn_sabharwal@yahoo.com,"1053 Ox Bow Court, Covington, LA 70433",Ivette Mora,Southshore Market,"$769,500.00 ","$810,000.00 ",,,,
25-1978,9/15/25,Refinance,Danny Stevens Brandi Stevens,dannystevens.edc@gmail.com,"49268 Highway 1065, Tickfaw, LA 70466",Tara McCormick,Tangipahoa Market,"$260,000.00 ",,,,,
25-1999,9/15/25,Refinance,Kathleen Sewell,kat_70454@yahoo.com,"540 North 8th Street, Ponchatoula, LA 70454",Tara Schenk,Tangipahoa Market,"$304,000.00 ",,75162,Ashton,Jeff LaSa,N
25-2003R,9/15/25,Refinance,Tricia Cason,,"301 Win Road, Coushatta, LA 71019",,William Townsend,"$62,100.00 ",,,,,
25-2050,9/15/25,Purchase,Keith Brown Carla Brown,brownkj56@yahoo.com,"335 Saw Grass Loop, Covington, LA 70435",Kimberly M. Johnson,Southshore Market,"$280,000.00 ","$400,000.00 ",,,,
25-1810,9/16/25,Purchase,Jonathan Figarola,jfigs2011@gmail.com,"1919 Sophie Wright Place Unit 7 a/k/a 1919 Sophie Wright Place APT 7, New Orleans, LA 70130",Kimberly M. Johnson,Southshore Market,"$176,000.00 ","$220,000.00 ",,,,
25-1892,9/16/25,Purchase,Jeffrey Bodenstein Angela Bodenstein,jeff.bodenstein@gmail.com,"5 Lynn Lane, Hammond, LA 70401",Kimberly M. Johnson,Tangipahoa Market,"$206,196.00 ","$210,000.00 ",,,,
25-2151,9/16/25,Cash Sale,Ernest Perret Sandra Perret,,"12313 Dutch Lane West, Ponchatoula, LA 70454",Tara Schenk,Tangipahoa Market,,"$45,000.00 ",,,,
25-770R,9/17/25,Purchase,William Worsham,,"1235 West Alabama Street, Many, LA 71449",,William Townsend,"$70,000.00 ","$55,000.00 ",,,,
25-1148R,9/17/25,Purchase,William Worsham,,"Sabine Parish, Louisiana, Many, LA 71449",,William Townsend,"$276,500.00 ","$276,744.27 ",,,,
25-1251,9/17/25,Purchase,"Historic Rehab II, LLC",,"1929-1931 Governor Nicholls Street, New Orleans, LA 70116",Ivette Mora,Southshore Market,"$77,000.00 ","$110,000.00 ",,,,
25-1619,9/17/25,Refinance,Matthew Newsom Jayde Newsom,matthew.newsom@yahoo.com,"73002 North River Road, Kentwood, LA 70444",Tara McCormick,Tangipahoa Market,"$379,883.00 ",,,,,
25-1793,9/17/25,Refinance,Bridget Moran,bridgetpeterman1@yahoo.com,"15277 Hudson Krohn Road, Biloxi, MS 39532",Tara McCormick,Tangipahoa Market,"$310,650.00 ",,,,,
25-1884,9/17/25,Purchase,Jenell Nickell,nellynickell@gmail.com,"389 Hickory Drive, Slidell, LA 70458",Tara McCormick,Southshore Market,"$191,468.00 ","$195,000.00 ",,,,
25-1989,9/17/25,Purchase,Sharon Alford,Sharon.Alford@ferrarafire.com,"20112 Green Acres Drive, Hammond, LA 70401",Tara Schenk,Tangipahoa Market,"$176,739.00 ","$180,000.00 ",,,,
25-1993,9/17/25,Refinance,Dallas Guidry Abbey Guidry,guidry.dallas@yahoo.com,"114 Gros Street, Schriever, LA 70395",Tara McCormick,Tangipahoa Market,"$418,294.00 ",,,,,
25-2096,9/17/25,Cash Sale,Seth Waller Whitney Waller,smwaller87@gmail.com,"Parcel 2 Espy Ave, Long Beach, MS 39560",Tara McCormick,Tangipahoa Market,,"$60,000.00 ",52448,Ashton,Don Fern,N
25-1441,9/18/25,Refinance,Kevin Forster Brandi Forster,kforster2201@gmail.com,"87 Jericho Ridge, Picayune, MS 39466",Tara McCormick,Tangipahoa Market,"$420,000.00 ",,,,,
25-1900R,9/18/25,Purchase,Skyler Kitchens,,"Wren Road, Coushatta, LA 71019",,William Townsend,"$51,300.00 ","$57,000.00 ",,,,
25-1918,9/18/25,Purchase,Moran Investments LLC Gerald Barron Lesley Barron,lunatic6856@gmail.com,"2443 U.S. 190, Hammond, LA 70401; 44510 Olivia Ln, Hammond, LA 70403",Kimberly M. Johnson,Tangipahoa Market,"$300,000.00 ","$300,000.00 ",,,,
25-2025,9/18/25,Purchase,William Leonard Katelyn Leonard,blakeleonard09@gmail.com,"17100 East Bell Road, Amite City, LA 70422",Kimberly M. Johnson,Tangipahoa Market,"$400,000.00 ","$500,000.00 ",13553,Joann R,Office,N
25-2044,9/18/25,Cash Sale,Lloyd Hoffmeister Patricia Hoffmeister,juleshoffmeister@yahoo.com,"15380 Lake Ramsey Road, Covington, LA 70435",Tara Schenk,Tangipahoa Market,,"$135,000.00 ",,,,
25-2149,9/18/25,Cash Sale,Ezequiel Falcon Olan,ezequiel105@hotmail.com,"2709 Ivy Place, Chalmette, LA 70043",Tara Schenk,Southshore Market,,"$180,000.00 ",,,,
25-1190R,9/19/25,Purchase,"RW Cattle, LLC",,"Natchitoches Parish, Louisiana, Robeline, LA 71469",,William Townsend,"$66,400.00 ","$83,000.00 ",,,,
25-1221,9/19/25,Cash Sale,Richard Courtney Debra Courtney,Rickcourtney504@gmail.com,"108 Mulberry Drive, Metairie, LA 70005",Ivette Mora,Southshore Market,,"$2,263,103.00 ",30236,BJ,Robert C,N
25-1338,9/19/25,Refinance,Slade Benoit Alyssa Vernon,"benoitslade21@gmail.com,Alysvernon@gmail.com","49809 Highway 443, Loranger, LA 70446",Tara Schenk,Tangipahoa Market,"$215,000.00 ",,,,,
25-1511,9/19/25,Cash Sale,Tylyn Properties LLC,,"109 Tower Drive, Hammond, LA 70401",Tara Schenk,Tangipahoa Market,,"$650,000.00 ",,,,
25-1583,9/19/25,Purchase,Fredricka Dantzler,f011262@yahoo.com,"3962-3964 Pauger Street, New Orleans, LA 70122",Kimberly M. Johnson,Southshore Market,"$265,000.00 ","$265,000.00 ",,,,
25-1773,9/19/25,Refinance,Julie Mellow Edward Mellow,jande1026@gmail.com,"3955 Red Hill Road, Vancleave, MS 39565",Tara McCormick,Tangipahoa Market,"$460,485.00 ",,,,,
25-1854,9/19/25,Purchase,Eric Denhart,ericdenhart@gmail.com,"2330-2332 Jefferson Avenue, New Orleans, LA 70115",Ivette Mora,Southshore Market,"$679,250.00 ","$715,000.00 ",,,,
B25-1877,9/19/25,Purchase,"The Benton Corporation, LLC",,"18027 East Gate Drive, Apt. A, Hammond, LA 70403",Sarah Stone,Tangipahoa Market,"$112,500.00 ","$150,000.00 ",,,,
25-1904,9/19/25,Purchase,Erick Flores Quiroz Yanira Castro Baquedano,erickomarfloresquiroz@gmail.com,"242 Willow Drive, Gretna, LA 70053",Ivette Mora,Southshore Market,"$255,290.00 ","$260,000.00 ",,,,
25-1913,9/19/25,Purchase,Johnnie Lagrange Charlotte Lagrange,johnnielagrange@gmail.com,"29631 Cedar Street, Livingston, LA 70754",Kimberly M. Johnson,Tangipahoa Market,"$217,171.00 ","$215,000.00 ",67330,Lea,Lea,N
25-1922,9/19/25,Purchase,William Beene Victoria Beene,patrickbeene18@gmail.com,"6118 Canal Boulevard, New Orleans, LA 70124",Tara McCormick,Southshore Market,"$378,300.00 ","$390,000.00 ",,,,
25-1932,9/19/25,Refinance,Lamar Hooks Natalie Hooks,hooksneal@yahoo.com,"1101 Aris Avenue, Metairie, LA 70005",Kimberly M. Johnson,Southshore Market,"$120,000.00 ",,,,,
25-1954,9/19/25,Purchase,Glenn Peltier Melissa Peltier,wade.peltier@tankspecialists.com,"39581 Oak Lane, Ponchatoula, LA 70454",Tara Schenk,Tangipahoa Market,"$388,729.00 ","$452,000.00 ",,,,
25-1958,9/19/25,Purchase,Jose Aguina-Juarez,j.aguina86@gmail.com,"1638 Barrymore Street, Slidell, LA 70461",Ivette Mora,Southshore Market,"$176,767.00 ","$175,000.00 ",,,,
25-1963,9/19/25,Purchase,Julio Aviles Suzanne Aviles,jaavilesortiz@gmail.com,"430 Red Maple Drive, Mandeville, LA 70448",Tara McCormick,St. Tammany Market,"$241,500.00 ","$483,000.00 ",,,,
25-1969,9/19/25,Purchase,Donald Poole Deborah Poole,poole394@bellsouth.net,"3613 James Drive, Metairie, LA 70003",Ivette Mora,Southshore Market,"$308,000.00 ","$385,000.00 ",,,,
25-1974,9/19/25,Purchase,Taylor Anthony Alison Bondurant,"taylor.anthony85@gmail.com,abondurant@gmail.com","801 West Dakota Street, Hammond, LA 70401",Tara McCormick,Tangipahoa Market,"$418,000.00 ","$760,000.00 ",,,,
25-1977,9/19/25,Refinance,Michael Nutter Ashley Nutter,michael.nutter77@yahoo.com,"28953 Ross Trail, Albany, LA 70711",Tara Schenk,St. Tammany Market,"$304,900.00 ",,,,,
25-1986,9/19/25,Purchase,Kellee Costa,kcosta2204@gmail.com,"31065 Lake Spring Drive, Walker, LA 70785",Kimberly M. Johnson,Tangipahoa Market,"$215,583.00 ","$240,000.00 ",,,,
25-2038,9/19/25,Cash Sale,Keith Morris,keith_morris1@msn.com,"5033 Warren Drive, New Orleans, LA 70127",Ivette Mora,Southshore Market,,"$45,000.00 ",,,,
25-2056,9/19/25,Purchase,Chase Zaffuto Erin Zaffuto,zaffutochase@gmail.com,"19441 Brennon Lane, Loranger, LA 70446",Tara Schenk,Tangipahoa Market,"$342,678.00 ","$349,000.00 ",,,,
25-2075,9/19/25,Cash Sale,Brian Veade Norma Veade,nola11@protonmail.com,"39384 Magnolia Trace, Ponchatoula, LA 70454",Tara Schenk,Tangipahoa Market,,"$680,000.00 ",,,,
25-2137,9/19/25,Cash Sale,Kirsten Kelsey,sekelsr85@gmail.com,"41286 C C Road, Ponchatoula, LA 70454",Kimberly M. Johnson,Tangipahoa Market,,"$162,500.00 ",,,,
25-2188,9/19/25,Refinance,"Sunny Time, LLC",,"65583 Pump Slough Road, Pearl River, LA 70452",Tara Schenk,Tangipahoa Market,"$23,360,000.00 ",,,,,
25-1427,9/22/25,Purchase,Kaira Ellis,Kaira.ellis29@gmail.com,"3720 Buchanan Street, New Orleans, LA 70122",Ivette Mora,Southshore Market,"$382,936.00 ","$390,000.00 ",,,,
25-1898,9/22/25,Purchase,Denise Ortega Alfonso Mena Baez,denisebaez23@gmail.com,"1019 Arcadia Drive, Baton Rouge, LA 70810",Tara Schenk,Baton Rouge Market,"$157,102.00 ","$160,000.00 ",,,,
25-1910,9/22/25,Cash Sale,Yennifer Cordova Elias Martinez,"yenni.cordova78@gmail.com,eliasmartinezjr10@gmail.com","Lot 18 Ross Road, Independence, LA 70443",Kimberly M. Johnson,Tangipahoa Market,,"$26,000.00 ",,,,
25-1950,9/22/25,Refinance,Charles Drago Marie Drago,cdrago3453@aol.com,"130 Blue Heron Drive, Mandeville, LA 70471",Tara McCormick,Southshore Market,"$190,376.00 ",,,,,
25-2019,9/22/25,Purchase,JoAnn Bolude,jocouponoffers@gmail.com,"40 English Turn Drive, New Orleans, LA 70131",Ivette Mora,Southshore Market,"$795,500.00 ","$795,500.00 ",,,,
25-2117,9/22/25,Refinance,Conner Bancroft Gabrielle Daigle,Csb101csb@yahoo.com,"709 State Street, New Orleans, LA 70118",Ivette Mora,Southshore Market,"$867,047.00 ",,,,,
25-2167,9/22/25,Cash Sale,Robert Fullen Brenda Fullen,fullenconstruction9@gmail.com,"915 Aurora Avenue, Metairie, LA 70005",Ivette Mora,Southshore Market,,"$220,000.00 ",,,,
25-2189,9/22/25,Cash Sale,James White,james.white.comm@gmail.com,"7679 Stonewood Street, New Orleans, LA 70128",Ivette Mora,Southshore Market,,"$115,000.00 ",,,,
25-1562,9/23/25,Refinance,Willie Gallager Roenetta Mearidy Gallager,hereconciledme@gmail.com,"1155 Magnolia Progress Road, McComb, MS 39648",Tara McCormick,Tangipahoa Market,"$346,756.00 ",,,,,
25-1604,9/23/25,Purchase,John Porter Deborah Porter,Johnw.porter@outlook.com,"42262 Yokum Road, Ponchatoula, LA 70454",Tara Schenk,Tangipahoa Market,"$270,750.00 ","$285,000.00 ",56947,Best,Ashton,N
25-1909,9/23/25,Cash Sale,Jason Hornsby Brandy Hornsby,jh@vectorsalesinc.com,"11108 Manhattan Street, Bay St. Louis, MS 39520",Tara McCormick,Tangipahoa Market,,"$80,000.00 ",,,,
25-1945,9/23/25,Purchase,Charles Kleinschmidt Elizabeth Kleinschmidt,Ccklein24@gmail.com,"6020 Prytania Street, New Orleans, LA 70118",Ivette Mora,Southshore Market,"$1,200,000.00 ","$1,350,000.00 ",,,,
25-1972,9/23/25,Purchase,Joe Schillage Harold Velez Luana Hernandez,"joeschillage@hotmail.com,knightmare0713@hotmail.com","415 Nighthawk Drive, Slidell, LA 70461",Tara McCormick,St. Tammany Market,"$230,000.00 ","$310,000.00 ",,,,
25-2022,9/23/25,Purchase,Xiuling Jiang,leleshou1076128@gmail.com,"3444 Texas Avenue, Kenner, LA 70065",Ivette Mora,Southshore Market,"$182,000.00 ","$260,000.00 ",,,,
25-2031,9/23/25,HELOC,Javier Pordoy Emily Bisso,jpordoy@gmail.com,"892 Homedale Street, New Orleans, LA 70124",Tasha Severio,Tangipahoa Market,"$125,000.00 ",,,,,
25-2071,9/23/25,Purchase,Mary Wheeler,mary.p.wheeler1987@gmail.com,"58275 Harbor Road, Slidell, LA 70460",Tara McCormick,St. Tammany Market,"$142,000.00 ","$157,000.00 ",,,,
25-1491,9/24/25,Purchase,Brandon Greco,Bgreco386@gmail.com,"13421 Highway  25, Franklinton, LA 70438",Tara McCormick,Tangipahoa Market,"$200,000.00 ","$200,000.00 ",,,,
25-1729,9/24/25,Purchase,Maximilian Ortiz,maximilianortiz@icloud.com,"149 18th Street, New Orleans, LA 70124",Kimberly M. Johnson,Tangipahoa Market; Southshore Market,"$355,000.00 ","$524,000.00 ",,,,
25-1840,9/24/25,Refinance,Barbara Morgan,Bmorgan3@bellsouth.net,"99 Grand Cheniere Drive, Mandeville, LA 70471",Tasha Severio,Tangipahoa Market; St. Tammany Market,"$201,740.00 ",,,,,
25-1874,9/24/25,Purchase,Amanda Morettini,morettiniamanda@gmail.com,"70284 K Street, Covington, LA 70433",Ivette Mora,Southshore Market,"$149,246.00 ","$152,000.00 ",,,,
25-1917,9/24/25,Refinance,Dustin Hewitt Kacey Hewitt,dustinhewitt99@gmail.com,"1050 Lablanc Road, Magnolia, MS 39652",Tara McCormick,Tangipahoa Market,"$303,400.00 ",,,,,
25-1640,9/25/25,Cash Sale,"Ben Lombas, LLC",,"5513 Avery Island Road, New Iberia, LA 70560",Kimberly M. Johnson,Southshore Market,,"$58,000.00 ",,,,
25-1829,9/25/25,Refinance,Neal Bartholomew Jacqueline Bartholomew,nwba2001@aol.com,"241 Highland Crest Drive, Covington, LA 70435",Tara McCormick,Tangipahoa Market,"$495,000.00 ",,11316,thomas H,Gwyn,N
25-1931,9/25/25,Purchase,Megan Davenport,megdavtravels@gmail.com,"1341 Huron Avenue, Metairie, LA 70005",Ivette Mora,Southshore Market,"$280,000.00 ","$350,000.00 ",,,,
25-2040,9/25/25,Purchase,Norma-Jean Medina,njtmonroe@gmail.com,"209 Dodge Avenue, Jefferson, LA 70121",Tara McCormick,Southshore Market,"$165,000.00 ","$350,000.00 ",,,,
25-2043,9/25/25,Refinance,Charles Fincher Taylor-Marie Gaspard,"randyfincher@yahoo.com,taylormariegaspard@yahoo.com","81089 Fincher Road, Bush, LA 70431",Tara McCormick,St. Tammany Market,"$296,512.00 ",,,,,
25-877,9/26/25,Purchase,Helen Thomas Robert Thomas,tazcrzy2@aol.com,"25390 Elmer Ladner Road, Pass Christian, MS 39571",Tara McCormick,Tangipahoa Market,"$330,000.00 ","$400,436.80 ",,,,
25-1745,9/26/25,Purchase,Marco Santistevan,marco@sandstone.ltd,"2012 Fourth Street, New Orleans, LA 70113",Ivette Mora,Southshore Market,"$485,970.00 ","$501,000.00 ",,,,
25-1968,9/26/25,Purchase,Claire Sekinger Kris Sekinger Jolie Sekinger,"clairesekinger@yahoo.com,krissekinger@gmail.com",,Ivette Mora,Southshore Market,"$207,970.00 ","$180,500.00 ",81773,Gabe,Erica,Y
25-1973,9/26/25,Purchase,Kristopher Kohles Sarah Kohles,Kristopher.kohles@gmail.com,"6060 Pratt Drive, New Orleans, LA 70122",Kimberly M. Johnson,Southshore Market,"$279,827.00 ","$275,000.00 ",,,,
25-1988,9/26/25,Refinance,Collin Miller Shanna Miller,ctmillerdds@gmail.com,,Ivette Mora,Southshore Market,"$231,000.00 ",,58200,William,Raven,Y
25-2032,9/26/25,Purchase,Darrell O'Neill Meredith Addison,darchaone@gmail.com,"4700 Orleans Boulevard, Jefferson, LA 70121",Ivette Mora,Southshore Market,"$300,000.00 ","$462,000.00 ",81864,Jeff LaS,Blaine,N
25-2048,9/26/25,Purchase,Courtney Gill Preston Gill,cojo16@gmail.com,"60122 Rohner Road, Amite City, LA 70422",Tara Schenk,Tangipahoa Market,"$200,000.00 ","$198,000.00 ",,,,
25-2057,9/26/25,Purchase,Courtney Miceli,courtney.miceli@yahoo.com,"Shorty Wilson Road, Loranger, LA 70446",Kimberly M. Johnson,Tangipahoa Market,"$27,000.00 ","$30,000.00 ",,,,
25-2061,9/26/25,Purchase,Jeffrey Morales,Jeffreyryanmorales@gmail.com,"218 William Drive, Slidell, LA 70458",Tara McCormick,Tangipahoa Market,"$184,300.00 ","$190,000.00 ",,,,
25-2070,9/26/25,Cash Sale,Courtney Miceli,courtney.miceli@yahoo.com,"25111 Shorty Wilson Road, Loranger, LA 70446",Kimberly M. Johnson,Tangipahoa Market,,"$55,000.00 ",,,,
25-2102,9/26/25,Purchase,Michelle Zornes,mnzornes@yahoo.com,"164 White Heron Drive, Madisonville, LA 70447",Tasha Severio,Tangipahoa Market; St. Tammany Market,"$240,000.00 ","$240,000.00 ",,,,
25-2103,9/26/25,Purchase,Ariella Enterprises LLC,jgalaforo@gmail.com,"44111 Audubon Circle, Hammond, LA 70403",Tara Schenk,Tangipahoa Market,"$245,000.00 ","$390,000.00 ",82077,Jeff LaS,Blaine,N
25-2122,9/26/25,Purchase,Clara Maligo,maligo.clara@gmail.com,"48126 S Robertson Rd, Tickfaw, LA 70466",Tara Schenk,Tangipahoa Market,"$234,671.00 ","$239,000.00 ",,,,
25-2195,9/26/25,Cash Sale,Phillip Fitzgerald Diane Fitzgerald,phil_fitzgerald@sbcglobal.net,"1831 Rose Street, Arabi, LA 70032; 1833 Rose Street, Arabi, LA 70032",Ivette Mora,Southshore Market,,"$50,000.00 ",,,,
25-2208,9/26/25,Refinance,McKaskle Holdings LLC,,"1200 McKaskle Drive, Hammond, LA 70403",Tara Schenk,Tangipahoa Market,"$208,302.50 ",,,,,
25-2214,9/26/25,Cash Sale,Kenneth Knight Roxanne Castillo,kennethgknight@gmail.com,"2003 Georgia Avenue, Kenner, LA 70062",Ivette Mora,Southshore Market,,"$182,000.00 ",,,,
25-2242,9/26/25,Cash Sale,Tyler Durden,respawn@gmail.com,"2509 Saint Roch Avenue, New Orleans, LA 70117",Ivette Mora,Southshore Market,,"$25,000.00 ",,,,
25-2243,9/26/25,Cash Sale,Tyler Durden,respawn@gmail.com,"2319 Saint Roch Avenue, New Orleans, LA 70117",Ivette Mora,Southshore Market,,"$11,000.00 ",,,,
25-260,9/29/25,Refinance,Joshua Caskey,caskeyconsultingtx@gmail.com,"20500 Cornerstone Road, Hammond, LA 70401",Tasha Severio,Tangipahoa Market,"$268,000.00 ",,,,,
25-1749,9/29/25,Purchase,Gregory Bice Christine Bice,gregbic@gmail.com,"313 Morningside Drive, Mandeville, LA 70448",Tara McCormick,St. Tammany Market,"$780,000.00 ","$975,000.00 ",,,,
25-1843,9/29/25,Refinance,William Corr,wgcorr@gmail.com,"2872 Highway 53, Poplarville, MS 39470",Tara McCormick,Tangipahoa Market,"$113,500.00 ",,,,,
25-2067,9/29/25,Purchase,Daniel Goddard Casey Goddard,danielgoddard@gmail.com,"224 Clara Drive, Slidell, LA 70458",Ivette Mora,Southshore Market,"$175,500.00 ","$234,000.00 ",81976,Jeff LaS,Blaine,N
25-2101,9/29/25,HELOC,Barbara Ragan Bryant Ragan,diragan@gmail.com,"4812 Church St, Metairie, LA 70001",Tasha Severio,Tangipahoa Market,"$250,000.00 ",,,,,
25-2107,9/29/25,Refinance,"S8 Affordable Homes, LLC",,"842 Evangeline Place, Shreveport, LA 71106",Ivette Mora,Southshore Market,"$79,426.00 ",,,,,
25-979,9/30/25,Purchase,"RG BELLEVIEW, LLC",,"58412 - 58498 Belleview Drive, Plaquemine, LA 70764",Tara Schenk,Tangipahoa Market,"$3,080,000.00 ","$4,150,000.00 ",,,,
25-1787,9/30/25,Refinance,Joshua Parris Larry Dominguez,"joshuaparris91@gmail.com,brwneyez1404@gmail.com","48458 Woodhaven Road, Tickfaw, LA 70466",Kimberly M. Johnson,Tangipahoa Market,"$236,060.00 ",,,,,
25-1819,9/30/25,Refinance,Kevin Welty Clayton Welty,kevinwelty55@gmail.com,"76335 Robinson Rd, Folsom, LA 70437",Tasha Severio,Tangipahoa Market; St. Tammany Market,"$225,071.00 ",,,,,
25-1896,9/30/25,Refinance,Jason Hoffman Kasey Hoffman,jhoffman@brandsafway.com,"13107 Jones Road, Ponchatoula, LA 70454",Tara McCormick,Tangipahoa Market,"$424,407.00 ",,,,,
25-1970,9/30/25,Refinance,Lionel Joseph Shawn Mitchell,lmjinfo1211@gmail.com,"54307 Sweetwater Road, Independence, LA 70443",Tara McCormick,Tangipahoa Market,"$599,166.00 ",,,,,
25-2017,9/30/25,Refinance,David Pertuit Briana Pertuit,davidpertuit@gmail.com,"5101 Pike Drive, Metairie, LA 70003",Tara Schenk,Tangipahoa Market,"$115,000.00 ",,,,,
25-2039,9/30/25,Purchase,Brett Seeger,brettseeger90@gmail.com,,Tara Schenk,Tangipahoa Market,"$87,300.00 ","$90,000.00 ",81882,Jeff LaS,Ashton,Y
25-2047,9/30/25,Purchase,Joshua Stockdale Cassandra Barbic,cmbjjs@yahoo.com,"3029 Saint Thomas Street, New Orleans, LA 70115",Kimberly M. Johnson,Southshore Market,"$248,000.00 ","$310,000.00 ",,,,
25-2054,9/30/25,Purchase,Clint Schoolfield Margaret Schoolfield,Clint.Schoolfield@gmail.com,,Tasha Severio,St. Tammany Market; Tangipahoa Market,"$117,200.00 ","$146,500.00 ",44652,Ray,Robi,Y
25-2074,9/30/25,Purchase,Gerald Vocke Kristin Vocke,wvocke1230@gmail.com,"6035 Louis XIV Street, New Orleans, LA 70124",Tara Schenk,Tangipahoa Market,"$571,200.00 ","$714,000.00 ",,,,
25-2085,9/30/25,Purchase,James Nealy Ann Nealy,james.nealy2@icloud.com,"409 Markham Drive, Slidell, LA 70458",Ivette Mora,Southshore Market,"$100,000.00 ","$140,000.00 ",81955,Office,Lydia,N
25-2111,9/30/25,Refinance,Jeremy Simmons Brittnye Simmons,jgsimmons20@gmail.com,"150A Olie Walker Road, Perkinston, MS 39573",Tara McCormick,Tangipahoa Market,"$356,000.00 ",,,,,
25-2124,9/30/25,Refinance,Samthia Alana Lenox Samthia A. Lenox-Ridley,samthia2@gmail.com,"6324 Arts Street, New Orleans, LA 70122",Kimberly M. Johnson,Southshore Market,"$253,866.00 ",,,,,
25-2179,9/30/25,Refinance,Rachael Berggren,rbleah680@gmail.com,"42790 Bethel Rd., Franklinton, LA 70438",Tara McCormick,Tangipahoa Market,"$300,550.00 ",,,,,
25-2180,9/30/25,Cash Sale,Brent LeBlanc Wendy LeBlanc,brent.leblanc714@outlook.com,"Tract C Isabel Swamp Road, Bush, LA 70431",Tara McCormick,St. Tammany Market,,"$125,000.00 ",,,,
25-2250,9/30/25,Cash Sale,Jason Dodds Jennifer Dodds,jason.dodds@gmail.com,"1401 Mandeville Street, New Orleans, LA 70117",Ivette Mora,Southshore Market,,"$70,000.00 ",,,,
25-2324,9/30/25,Cash Sale,"LAZ Properties 1, LLC",,"10500 Greenwell Springs Rd, Baton Rouge, LA 70814",Sarah Stone,Tangipahoa Market,,"$400,000.00 ",,,,